<?xml version="1.0" encoding="UTF-8"?>        
<!--GENERATED BY:  Lectora Inspire v.X.6(8457) (http://www.trivantis.com) -->

<manifest identifier="FlipkartGame" version="1.2"
          xmlns="http://www.imsproject.org/xsd/imscp_rootv1p1p2"
          xmlns:adlcp="http://www.adlnet.org/xsd/adlcp_rootv1p2"
          xmlns:xsi="http://www.w3.org/2001/XMLSchema-instance"
          xsi:schemaLocation="http://www.imsproject.org/xsd/imscp_rootv1p1p2 imscp_rootv1p1p2.xsd
                              http://www.imsglobal.org/xsd/imsmd_rootv1p2p1 imsmd_rootv1p2p1.xsd
                              http://www.adlnet.org/xsd/adlcp_rootv1p2 adlcp_rootv1p2.xsd" >

  <organizations default="Flipkart-code-of-conduct-game">
    <organization identifier="Flipkart-code-of-conduct-game">
      <title>TISS</title>
      <item identifier="I_A001" identifierref="A001">
        <title>TISS</title>
        <adlcp:timelimitaction>continue,no message</adlcp:timelimitaction>
      </item>
      <metadata>
        <schema>ADL SCORM</schema>
        <schemaversion>1.2</schemaversion>
        <adlcp:location>TISS</adlcp:location>
      </metadata>
    </organization>
  </organizations>

  <resources>
    <resource identifier="A001" type="webcontent" adlcp:scormtype="sco" href="Game_launch.html"/>
  </resources>
</manifest>
