<?xml version="1.0" encoding="UTF-8" standalone="yes"?>
<data-set xmlns:xsi="http://www.w3.org/2001/XMLSchema-instance">
	<Set set="1">
		<Level>1</Level>
		<stage>1</stage>
		<shapeId>1,18,36,48</shapeId>
	</Set>
	<Set set="2">
		<Level>1</Level>
		<stage>1</stage>
		<shapeId>2,19,39,50</shapeId>
	</Set>
	<Set set="3">
		<Level>1</Level>
		<stage>2</stage>
		<shapeId>4,23,53,55</shapeId>
	</Set>
	<Set set="4">
		<Level>1</Level>
		<stage>2</stage>
		<shapeId>53,58,60,62</shapeId>
	</Set>
	<Set set="5">
		<Level>1</Level>
		<stage>3</stage>
		<shapeId>5,24,60,63</shapeId>
	</Set>
	<Set set="6">
		<Level>1</Level>
		<stage>3</stage>
		<shapeId>5,25,61,64</shapeId>
	</Set>
	<Set set="7">
		<Level>2</Level>
		<stage>4</stage>
		<shapeId>1,18,48,68,71,69</shapeId>
	</Set>
	<Set set="8">
		<Level>2</Level>
		<stage>4</stage>
		<shapeId>5,6,48,50,60,61</shapeId>
	</Set>
	<Set set="9">
		<Level>2</Level>
		<stage>5</stage>
		<shapeId>7,18,36,48,55,58</shapeId>
	</Set>
	<Set set="10">
		<Level>2</Level>
		<stage>5</stage>
		<shapeId>19,22,39,50,59,62</shapeId>
	</Set>
	<Set set="11">
		<Level>2</Level>
		<stage>6</stage>
		<shapeId>3,4,24,25,53,58</shapeId>
	</Set>
	<Set set="12">
		<Level>2</Level>
		<stage>6</stage>
		<shapeId>61,62,63,64,65,69</shapeId>
	</Set>
	<Set set="13">
		<Level>3</Level>
		<stage>7</stage>
		<shapeId>23,25,36,48,53,55</shapeId>
	</Set>
	<Set set="14">
		<Level>3</Level>
		<stage>7</stage>
		<shapeId>2,3,4,5,6,7</shapeId>
	</Set>
	<Set set="15">
		<Level>3</Level>
		<stage>8</stage>
		<shapeId>62,63,64,65,66,67</shapeId>
	</Set>
	<Set set="16">
		<Level>3</Level>
		<stage>8</stage>
		<shapeId>60,61,68,69,70,71</shapeId>
	</Set>
	<Set set="17">
		<Level>3</Level>
		<stage>9</stage>
		<shapeId>18,19,22,23,27,28</shapeId>
	</Set>
	<Set set="18">
		<Level>3</Level>
		<stage>9</stage>
		<shapeId>36,39,40,48,50,52</shapeId>
	</Set>
	<Set set="19">
		<Level>1</Level>
		<stage>2</stage>
		<shapeId>3,22,40,52</shapeId>
	</Set>
	<Set set="20">
		<Level>1</Level>
		<stage>3</stage>
		<shapeId>26,27,68,6</shapeId>
	</Set>
</data-set>